date,code,name,trade_id,disclosure_reason,disclosure_window,institution_buy_rows,institution_buy_sum,institution_sell_within_buy_rows,qualifying_amount,gain_pct,qualifies,reason
2026-10-09,000011,深物业A,100422494,日振幅值达到15%的前5只证券,one_day,3,64487256.88,65986115.64,,0.0387789999999999,False,institution_in_disclosed_sell_seats
2026-10-09,000420,吉林化纤,100422504,日涨幅偏离值达到7%的前5只证券,one_day,3,84530733.05,0.0,43561407.0,0.10115600000000002,True,single_institution_buy_gt20m_sell_zero
2026-10-09,000678,襄阳轴承,100422501,日换手率达到20%的前5只证券,one_day,2,38172652.47,76710764.35,,0.031045999999999907,False,institution_in_disclosed_sell_seats
2026-10-09,000678,襄阳轴承,100422515,日振幅值达到15%的前5只证券,one_day,2,38172652.47,76710764.35,,0.031045999999999907,False,institution_in_disclosed_sell_seats
2026-10-09,000911,*ST广糖,100422508,连续三个交易日内，涨幅偏离值累计达到20%的证券,multi_day,1,7905088.0,21885845.0,,0.07256599999999991,False,institution_in_disclosed_sell_seats
2026-10-09,001330,博纳影业,100422519,日涨幅偏离值达到7%的前5只证券,one_day,4,99203756.0,72478468.0,21414679.0,0.09936900000000004,False,institution_in_disclosed_sell_seats
2026-10-09,002058,紫竹高科,100422489,连续三个交易日内，涨幅偏离值累计达到20%的证券,multi_day,1,2076927.0,5265144.0,,0.09990999999999994,False,institution_in_disclosed_sell_seats
2026-10-09,002212,天融信,100422507,日涨幅偏离值达到7%的前5只证券,one_day,1,32193404.0,9547729.2,,0.10043699999999989,False,institution_in_disclosed_sell_seats
2026-10-09,002285,世联行,100422483,日振幅值达到15%的前5只证券,one_day,1,28030855.02,56590593.2,,0.01869199999999993,False,institution_in_disclosed_sell_seats
2026-10-09,002316,亚联发展,100422486,日换手率达到20%的前5只证券,one_day,3,67544899.0,23517299.630000003,,-0.026104000000000127,False,institution_in_disclosed_sell_seats
2026-10-09,002317,众生药业,100422484,日涨幅偏离值达到7%的前5只证券,one_day,3,112796073.28,116336935.0,,0.10012899999999991,False,institution_in_disclosed_sell_seats
2026-10-09,002487,大金重工,100422502,日跌幅偏离值达到7%的前5只证券,one_day,1,98803316.88,0.0,98803316.88,-0.09997900000000004,False,institution_in_disclosed_sell_seats
2026-10-09,002487,大金重工,100422500,日振幅值达到15%的前5只证券,one_day,1,98803316.88,0.0,98803316.88,-0.09997900000000004,False,institution_in_disclosed_sell_seats
2026-10-09,002702,海欣食品,100422509,日换手率达到20%的前5只证券,one_day,3,63238274.0,58740232.620000005,,0.04054099999999994,False,institution_in_disclosed_sell_seats
2026-10-09,002805,丰元股份,100422496,连续三个交易日内，涨幅偏离值累计达到20%的证券,multi_day,3,73234723.95,40151386.400000006,,0.10017000000000009,False,institution_in_disclosed_sell_seats
2026-10-09,002866,传艺科技,100422488,日换手率达到20%的前5只证券,one_day,1,14740607.0,10767390.0,,-0.014523999999999981,False,daily_gain_below_5pct
2026-10-09,002866,传艺科技,100422510,日振幅值达到15%的前5只证券,one_day,1,14740607.0,10767390.0,,-0.014523999999999981,False,daily_gain_below_5pct
2026-10-09,002927,泰永长征,100422493,日跌幅偏离值达到7%的前5只证券,one_day,4,34416785.0,26905635.23,,-0.10000000000000009,False,institution_in_disclosed_sell_seats
2026-10-09,002962,五方光电,100422497,日跌幅偏离值达到7%的前5只证券,one_day,3,25553918.0,51613953.93,,-0.10005999999999993,False,institution_in_disclosed_sell_seats
2026-10-09,603757,大元泵业,100423031,有价格涨跌幅限制的日价格振幅达到15%的前五只证券,one_day,1,51767579.0,,51767579.0,0.045538999999999996,False,institution_in_disclosed_sell_seats
